Stanice,1,2,3,4,5,6,7,8,9,10,11,12,13,14,15,16,17,18,19,20,21,22,23,24
Luční bouda,3.6,0.5,0,0,0.4,0.7,0.1,0.4,0,0,0.3,0.4,1.4,0.3,0.1,0,0,0,0,0,0,0,0,0
Blatný vrch,0,0,0,0,0.1,0,0,0.1,0,0,0,0,0,0,0,0,0,0,0,0,0,0,0.3,0.1
Plechý,0.1,0,0,0,0,0.1,0,0,0,0.1,0,0,0,0,0,0,0,0,0,0,0,0,0,0
"Boubín, vrchol",0.1,0,0,0,0,0,0,0.1,0,0,0,0,0,0,0,0,0,0,0,0,0,0,0,0
Šerák,1.7,2.1,0.3,0,0.1,0.8,0.3,0.5,0,0.2,0,0.2,0.7,0.1,0,0,0,0,0,0,0,0,0,0
Lysá hora,0,0,0,0,0,0,0,0,0.1,0.1,0,0,0,0,0,0,0,0,0,0,0,0,0,0
Labská bouda,1.7,0.1,0,0,0.5,0.4,0,0,0,0.3,1.2,0,0.6,0.5,0.2,0,0,0,0,0,0,0,0.2,0.1
Klínovec,0,0,0,0.3,0,0,0,0.2,0.1,0.2,0.2,0,0,0,0,0,0,0,0,0,0,0,0,0.3
"Bučina, u Kvildy",0,0,0,0,0.1,0,0,0,0,0,0,0,0,0,0,0,0,0,0,0,0,0,0.3,0.1
Churáňov,0.3,0,0,0,0,0,0,0,0,0,0,0,0,0,0,0,0,0,0,0,0,0.1,0.3,0
Dvoračky,1.7,0,0,0,0.3,0.7,0,0,0,0,0.5,0.1,0.1,0.2,0,0,0,0,0,0,0,0,0.1,0.1
Filipova Huť,0.2,0,0,0.1,0,0,0,0,0,0,0,0,0,0,0,0,0,0,0,0,0,0.1,0.3,0
"Horská Kvilda, u Hamerského potoka",0.1,0,0,0.1,0.1,0,0,0,0,0,0,0,0,0,0,0,0,0,0,0,0,0.1,0.3,0
"Pomezní boudy, Horní Malá Úpa",1.9,0.6,0,0,0.7,0.7,0.3,0,0,0,1,0,0.6,0.3,0.1,0,0,0,0,0,0,0,0,0
"Bělá pod Pradědem, Červenohorské sedlo",1,0.7,0.2,0,0.1,0.5,0.3,0,0.1,0.2,0,0.1,1.1,0.4,0,0,0,0,0,0,0,0,0,0
"Staré Město pod Sněžníkem, Paprsek",0.9,0.5,0,0,0.1,0.7,0.3,0,0.1,0,0,0.4,0.3,0,0,0,0,0,0,0,0,0,0,0.1
Kubova Huť,0,0,0,0,0,0,0,0,0,0,0,0,0,0,0,0,0,0,0,0,0,0,0,0
Špičák,1,0,0,0,0.1,0,0,0,0,0,0,0,0,0,0,0,0,0,0,0.1,0,0.1,0,0
Dyleň,0,0.1,0,0.1,0,0,0,0,0,0,0,0,0,0,0,0,0,0,0,0,0.3,3.1,0.1,0
Přebuz,0,0,0.1,0,0,0.1,0,0.5,0,0.1,0,0,0,0,0,0,0,0,0,0.3,0,0,1,0.1
Borová Lada,0,0.1,0,0,0,0,0,0,0,0,0,0,0,0,0,0,0,0,0,0,0,0,0.2,0
Abertamy,0,0,0,0.3,0,0.2,0,0.7,0.4,0,0.1,0,0,0,0,0,0,0,0,0.1,0.1,0,0,0
Prášily,1.3,0,1.5,0.3,0,0,0,0,0,0,0,0,0,0,0,0,0,0,0,0,0,0.4,0,0
"Luisino údolí, Deštné v Orlických horách",0,0,0,0,0,0.3,0.5,0,0,0,0.3,0,0.2,0.3,0.1,0,0,0,0,0,0,0,0,0.1
Hojsova Stráž,0,0,0.1,0,0,0,0,0,0,0,0,0,0,0,0,0,0,0,0,0.4,0,0.4,0,0
"Kořenov, Jizerka",1.1,0,0,0.2,0.5,0,0,0,0,0,0.3,0,0.8,2.1,0.1,0,0,0,0,0,0,0,0,0.6
"Kynžvart, Lazy",0,0,0.2,0.1,0,0,0,0,0,0,0,0,0,0,0,0,0,0,0,0,0,3,0.1,0
"Bílý Potok, Smědava",1.3,0,0,0,0.3,0.1,0,0,0,0.1,0.1,0.1,0.7,1.3,0,0,0,0,0,0,0,0,0.1,0.9
Milešovka,0,0,0,0,0,0,0,0,0,0,0,0,0,0,0,0,0,0,0,0,0,0,0,0
Měděnec,0,0,0,0,0,0.1,0,0,0,0,0,0,0,0,0,0,0,0,0,0,0,0,0,0
"Staré Hutě, Hojná Voda",0,0,0,0,0,0,0,0,0,0,0,0,0,0,0,0,0,0,0,0,0,0,0,0
Pec pod Sněžkou,1.3,0.1,0,0,0.7,1.3,0.7,0,0,0.1,2.2,0,1.1,0.3,0.1,0,0,0,0,0,0,0,0.1,0
Strážný,0,0,0,0,0.1,0,0,0,0,0,0,0,0,0,0,0,0,0,0,0,0,0,0,0
"Jelení, Nová Pec",0,0,0,0,0,0,0,0,0,0,0,0,0,0,0,0,0,0,0,0,0,0,0,0
Klíny,0,0,0,0,0.1,0,0,0,0,0,0,0,0,0,0,0,0,0,0,0,0,0,0,0
Zámyšl,0,0,0.1,0,0,0,0,0,0,0,0,0,0,0,0,0,0,0,0,0.3,0,0.1,0,0
Karlova Studánka,0.8,0.7,0.4,0,0,0.5,0.7,0,0,0.4,0.1,0.2,1.1,0.7,0,0,0,0,0,0,0,0,0,0
Zbytiny,0,0,0,0,0,0,0,0,0,0,0,0,0,0,0,0,0,0,0,0,0,0,0,0
"Bedřichov, Nová louka",0.1,0,0,0,0,0,0,0,0,0,0.1,0.1,0.8,0.5,0,0,0,0,0,0,0,0,0,0.3
Bedřichov,0.1,0,0,0,0,0,0,0,0,0,0,0.1,0.9,0.2,0,0,0,0,0,0,0,0,0,0.3
Pohorská Ves,0,0,0,0,0,0,0,0,0,0,0,0,0,0,0,0,0,0,0,0,0,0,0,0
"Desná, Souš",0.9,0,0,0.1,0.3,0.1,0,0,0,0.1,0.6,0.1,0.4,1.1,0.1,0,0,0,0,0,0,0,0,0.5
"Dlouhé Stráně, Kouty nad Desnou",0.5,0.7,0.1,0,0,0.8,0.4,0,0,0.1,0,0.2,1.4,0.4,0,0,0,0,0,0,0,0,0,0.1
"Ktiš, Tisovka",0,0,0,0,0,0,0,0,0,0,0,0,0,0,0,0,0,0,0,0,0,0,0,0
Železná Ruda,0.7,0,0,0,0,0,0,0,0,0,0,0,0,0,0,0,0,0,0,0.2,0,0.3,0,0
Volary,0,0,0,0,0,0,0,0,0,0,0,0,0,0,0,0,0,0,0,0,0,0,0,0
Červená,0.2,0.1,0,0,0,0,0,0,0,0,0,0.3,0,0.1,0.4,0,0,0,0,0,0,0,0,0
"Nýdek, Filipka",0,0,0,0,0,0,0,0,0,0,0,0,0,0,0,0,0,0,0,0,0,0,0,0
Přimda,0,0.5,0,0.1,0,0,0,0,0.2,0,0,0,0,0,0,0,0,0,0,0,0,0.8,0.7,0
Černá v Pošumaví,0.1,0,0,0,0,0,0,0,0,0,0,0,0,0,0,0,0,0,0,0,0,0,0,0
"Olešnice, Čihálka",0.1,0,0,0,0,0.4,0.1,0,0,0,0.2,0.7,0.8,0,0.1,0,0,0,0,0,0,0,0,0
Svratouch,0,0,0,0,0,0,0,0,0,0,0,0,0,0,0,0,0,0,0,0,0,0,0,0
Čachrov,0,0,0,0,0,0,0,0,0,0,0,0,0,0,0,0,0,0,0,0.8,0,0.2,0,0
Kašperské Hory,0.6,0.1,0,0,0,0,0,0,0,0,0,0,0,0,0,0,0,0,0,0,0,0,0,0
Nová Ves v Horách,0,0,0,0,0,0,0,0,0,0,0,0,0,0,0,0,0,0,0,0,0,0,0,0
Nedvězí,0,0,0,0,0,0,0,0,0,0,0,0,0,0,0,0,0,0,0,0,0,0,0,0
"Bílá, Konečná",0.3,0.3,0.1,0,0,0,0,0,0,0.1,0,0,0,0,0,0,0,0,0,0,0,0,0,0
Černý Důl,0.2,0.1,0,0,0.1,1,0.2,0,0,0.5,2.2,1.2,0.2,0,0,0,0,0,0,0,0,0,0,0
Bezvěrov,0,0.1,0,0.1,0,0,0,0,0,0,0,0,0,0,0,0,0,0,0,0.1,0,0.1,1,0
"Mariánské Lázně, vodárna",0,0,0.1,0.4,0,0,0,0,0,0,0,0,0,0,0,0,0,0,0,0,0,1.6,1.2,0
Vysoké nad Jizerou,0.1,0,0,0,0,0.2,0.1,0,0,0.1,0.2,0,0,0,0,0,0,0,0,0,0,0,0,0
Aš,0,0.1,0,0,0,0,0,0.4,0,0,0,0,0,0,0,0,0,0,0.1,0,0,0,0,0
Harrachov,1.4,0,0,0,0.3,0.2,0,0,0,0.1,0.4,0,0.1,0.6,0.1,0,0,0,0,0,0,0,0.2,0.1
Protivanov,0,0,0,0,0,0,0,0,0,0,0,0,0,0.1,0,0,0,0,0,0,0,0,0,0
Kadov,0,0,0,0,0,0,0,0,0,0,0,0,0,0,0,0,0,0,0,0,0,0,0,0
Zdobnice,0,0,0,0,0,0.4,0.3,0,0,0,0,0,0,0.5,0.1,0,0,0,0,0,0,0,0.1,0
Orlické Záhoří - vodárna,0.5,0,0,0,0,0.7,0.7,0,0,0,1.1,0.2,0.1,0.8,0.2,0,0,0,0,0,0,0,0.1,0
"Hošťálková, Maruška",0,0.2,0,0,0,0,0,0,0,0,0,0,0,0,0,0,0,0,0,0,0,0,0,0
Deštné v Orlic. horách,0,0,0,0,0,0,0,0,0,0,0,0,0,0,0,0,0,0,0,0,0,0,0,0
"Borovno, Míšov",0,0.1,0,0,0,0,0,0,0,0,0,0,0,0,0,0,0,0,0,0,0,0,0,0.1
Krásné Údolí,0,0,0.1,0,0,0,0,0,0,0,0,0,0,0,0,0,0,0,0,0,0,1.1,0.9,0
Žacléř,1.2,0.1,0,0,0.6,0.9,0.5,0,0,1.2,1.7,2.6,2.1,0.5,0,0,0,0,0,0,0,0,0,0
Strašín,1.4,0,0,0,0,0,0,0,0,0,0,0,0,0,0,0,0,0,0,0,0,0,0,0
"Petrovice, Krásný Les",0,0,0,0,0,0,0,0,0,0.1,0.1,0,0,0,0,0,0,0,0,0,0,0,0,0
Vimperk,0,0,0,0,0,0,0,0,0,0,0,0,0,0,0,0,0,0,0,0,0,0,0.2,0
Josefův Důl,0.2,0,0,0,0.1,0,0,0,0,0.1,0.1,0,0.2,0.4,0,0,0,0,0,0,0,0,0,0.6
Nový Rychnov,0,0,0,0,0,0,0,0,0,0,0,0,0,0,0,0,0,0,0,0,0,0,0,0
Pivoň,0,0.1,0,0.1,0,0,0,0,0,0.8,0,0,0,0,0,0,0,0,0,0,0,0.2,0.2,0
Počátky,0,0,0,0,0,0,0,0,0,0,0,0,0,0,0,0,0,0,0,0,0,0,0,0
"Nadějkov, Větrov",0,0,0,0,0,0,0,0,0,0,0,0,0,0,0,0,0,0,0,0,0,0,0,0.1
Netřebice,0,0,0,0,0,0,0,0,0,0,0,0,0,0,0,0,0,0,0,0,0,0,0,0
"Uhelná, Nové Vilémovice",0,0,0,0,0,0,0.1,0,0,0.1,0,0,0,0,0,0,0,0,0,0,0,0,0,0
Valašská Senice,0,0,0,0,0,0,0,0,0,0,0,0,0,0,0,0,0,0,0,0,0,0,0,0
Nejdek,0,0,0.2,0,0,0.2,0,0.3,0.2,0,0,0,0,0,0,0,0,0,0,0.2,0,0.1,0,0
"Žďár nad Sázavou, Stržanov",0,0,0,0,0,0,0,0,0,0,0,0,0,0,0,0,0,0,0,0,0,0,0,0
"Karlovy Vary, Olšová Vrata",0,0,0,0,0,0,0,0.1,0,0,0,0,0,0,0,0,0,0,0,0,0,0.7,0.1,0
Nové Město na Moravě,0,0,0,0,0,0,0,0,0,0,0,0,0,0,0,0,0,0,0,0,0,0,0,0
"Lovčice, Kvasetice",0,0,0,0,0,0,0,0,0,0,0,0,0,0,0,0,0,0,0,0.5,0,0,0,0
Lomnice,0.4,0.2,0,0,0,0.1,0.3,0.1,0,0.1,0,0.1,0,0.2,0.1,0,0,0,0,0,0,0,0,0
Světlá Hora,0.2,0.1,0,0,0,0.1,0.2,0,0,0.1,0,0,0.2,0.1,0,0,0,0,0,0,0,0,0,0
"Šindelová, Obora",0,0.1,0,0,0,0,0,0.3,0,0,0,0,0,0,0,0,0,0,0,0.1,0.1,0,0,0
Horní Maršov,1.4,0.1,0,0,0.7,2.2,0.7,0.1,0,1.1,2.6,2.3,1.8,0.2,0,0,0,0,0,0,0,0,0,0
"Kateřinice, Ojičná",0,0.1,0,0,0,0,0,0,0,0,0,0,0,0,0,0,0,0,0,0,0,0,0,0
Nová Bystřice,0,0.2,0.1,0,0,0,0,0,0,0,0,0,0,0,0,0,0,0,0,0,0,0,0,0
Horní Lomná,0.1,0.1,0,0,0,0,0,0,0.3,0.1,0,0,0,0,0,0,0,0,0,0,0,0,0,0
Strmilov,0,0,0,0,0,0,0,0,0,0,0,0,0,0,0,0,0,0,0,0,0,0,0,0
"Černovice, Dobešov",0,0,0,0,0,0,0,0,0,0,0,0,0,0,0,0,0,0,0,0,0,0,0,0
Rýmařov,0.3,0.2,0,0,0,0.1,0.5,0,0,0.1,0,0,0.3,0.1,0,0,0,0,0,0,0,0,0,0
Rokytnice v Orlic.horách,0,0,0,0,0,0,0,0,0,0,0,0,0,0.1,0,0,0,0,0,0,0,0,0.4,0
Třešť,0,0,0,0,0,0,0,0,0,0,0,0,0,0,0,0,0,0,0,0,0,0,0,0
Hubenov,0,0,0,0,0,0,0,0,0,0,0,0,0,0,0,0,0,0,0,0,0,0,0,0
Orličky,0,0,0,0,0,0,0,0,0,0,0,0.2,0.1,0,0,0,0,0,0,0,0,0,0.1,0.1
Radošice,0,0,0,0,0,0,0,0,0,0,0,0,0,0,0,0,0,0,0,0,0,0,0,0
Kostelní Myslová,0,0,0,0,0,0,0,0,0,0,0,0,0,0,0,0,0,0,0,0,0,0,0,0
Sněžník,0,0,0,0,0,0,0,0,0,0.1,0,0,0,0,0,0,0,0,0,0,0,0,0,0
Žlutice,0,0,0.1,0,0,0,0,0,0,0,0,0,0,0,0,0,0,0,0,0,0,0.1,0.7,0
Vysoké Studnice,0.1,0,0,0,0,0,0.1,0,0,0,0,0,0,0,0,0,0,0,0,0,0,0,0,0
Horní Bečva,0,0.8,0,0,0,0,0,0,0,0,0,0,0,0,0,0,0,0,0,0,0,0,0,0
"Dolní Dvůr, Rudolfov",0.4,0.1,0,0,0.2,1.1,0.3,0,0,0.5,1.4,0.3,0,0,0,0,0,0,0,0,0,0,0,0
Lubná,0,0,0,0,0,0,0,0,0,0,0,0,0,0,0,0,0,0,0,0,0,0,0,0
Krucemburk,0,0,0,0,0,0,0,0,0,0,0,0,0,0,0,0,0,0,0,0,0,0,0,0
Vyšší Brod,0.1,0,0,0,0,0,0,0,0,0,0,0,0,0,0,0,0,0,0,0,0,0,0,0
Vatín,0,0,0,0,0,0,0,0,0,0,0,0,0,0,0,0,0,0,0,0,0,0,0,0
"Kamenice nad Lipou, Vodná",0,0,0,0,0,0,0,0,0,0,0,0,0,0,0,0,0,0,0,0,0,0,0,0
Tisá,0,0,0,0,0,0,0,0,0,0.1,0,0,0,0,0,0,0,0,0,0,0,0,0,0
Příbram,0,0,0,0.1,0,0,0,0,0,0,0,0,0,0,0,0,0,0,0,0,0,0,0,0.3
"Český Krumlov, Přísečná",0,0,0,0,0,0,0,0,0,0,0,0,0,0,0,0,0,0,0,0,0,0,0,0
Bystřice nad Pernštejnem,0,0,0,0,0,0,0,0,0,0,0,0,0,0,0,0,0,0,0,0,0,0,0,0
Polička,0,0,0,0,0,0,0,0,0,0.1,0,0,0,0,0,0,0,0,0,0,0,0,0,0
Roprachtice,0.1,0,0,0,0.1,0.1,0.2,0,0,0.1,0.6,0,0,0.1,0,0,0,0,0,0,0,0,0,0
Česká Kubice,0,0,0,0,0,0,0,0,0,0,0,0,0,0,0,0,0,0.1,1.2,0,0.1,0.1,0,0
"Branná, Františkov",0.5,0.4,0.1,0,0,0.3,0.2,0,0,0,0,0.2,0.4,0.1,0,0,0,0,0,0,0,0,0,0.1
Hlasivo,0,0,0,0,0,0,0,0,0,0,0,0,0,0,0,0,0,0,0,0,0,0,0,0
"Potštát, Boškov",0,0.1,0,0,0,0,0,0,0.1,0,0,0,0,0,0,0,0,0,0,0,0,0,0,0
Olešnice,0,0,0,0,0,0,0,0,0,0,0,0,0,0,0,0,0,0,0,0,0,0,0,0
Humpolec,0,0,0,0,0,0,0,0,0,0,0,0,0,0,0,0,0,0,0,0,0,0,0,0
Králíky,0.4,0.2,0,0,0,0,0,0,0,0,0,0.1,0.1,0,0,0,0,0,0,0,0,0,0,0.2
Červená Voda,0.5,0.2,0,0,0,0,0,0,0,0,0,0.4,0.2,0,0,0,0,0,0,0,0,0,0,0.2
Chanovice,0,0,0,0,0,0,0,0,0,0,0,0,0,0,0,0,0,0,0,0.7,0,0,0,0
"Přibyslav, Hřiště",0,0,0,0,0,0,0,0,0,0,0,0,0,0,0,0,0,0,0,0,0,0,0,0
"Košetice, Křešín, Kramolín",0,0,0,0,0,0,0,0,0,0,0,0,0,0,0,0,0,0,0,0,0,0,0,0
Studenec,0.2,0,0,0,0.2,0.2,0,0,0,0,0.2,0,0,0,0,0,0,0,0,0,0,0,0,0
Teplice nad Metují Zdoňov,0.6,0,0,0,0,0.1,0.2,0,0,0,0,0.8,0.3,0,0,0,0,0,0,0,0,0,0,0
Konstantinovy Lázně,0,0,0,0,0,0,0,0,0.1,0,0,0,0,0,0,0,0,0,0,0,0,0.4,2.1,0
Štoky,0,0,0,0,0,0,0,0,0,0,0,0,0,0,0,0,0,0,0,0,0,0,0,0
Bečov nad Teplou,0,0,0.3,0,0,0,0,0,0,0,0,0,0,0,0,0,0,0,0.1,0,0,1.8,0.7,0
Seč,0,0,0,0,0,0,0,0,0,0,0,0,0,0,0,0,0,0,0,0,0,0,0,0
Strašice,0,0,0,0,0,0,0,0,0,0,0,0,0,0,0,0,0,0,0,0,0,0,0,0
"Jindřichův Hradec, Děbolín",0,0,0,0,0,0,0,0,0,0.1,0,0,0,0,0,0,0,0,0,0,0,0,0,0
"Křemže, Mříč",0,0,0,0,0,0,0,0,0,0,0,0,0,0,0,0,0,0,0,0,0,0,0,0
Luby,0,0.2,0,0,0,0,0,0.2,0,0,0,0,0,0,0,0,0,0,0,0,0,0,0,0
Rožmitál pod Třemšínem,0,0.2,0,0,0,0,0,0,0,0,0,0,0,0,0,0,0,0,0,0,0,0,0,0
Český Rudolec,0,0.3,0,0,0,0,0,0,0,0,0,0,0,0,0,0,0,0,0,0,0,0,0,0
Kocelovice,0,0,0,0,0,0,0,0,0,0,0,0,0,0,0,0,0,0,0,0.3,0,0,0,0
Velké Karlovice,0.1,0.1,0.1,0,0,0,0,0,0,0,0,0,0,0.1,0,0,0,0,0,0,0,0,0,0
Brtnice,0,0,0,0,0,0,0,0,0,0,0,0,0,0,0,0,0,0,0,0,0,0,0,0
Slezská Harta,0,0,0,0,0,0,0,0,0,0.1,0,0.1,0,0.5,0,0,0,0,0,0,0,0,0,0
Radostín,0,0,0,0,0,0,0,0,0,0,0,0,0,0,0,0,0,0,0,0,0,0,0,0
Bukovinka,0,0,0,0,0,0,0,0,0,0,0,0,0,0,0,0,0,0,0,0,0,0,0,0
Sedlice,0,0,0,0,0,0,0,0,0,0,0,0,0,0,0,0,0,0,0,0.1,0,0,0,0
Železná,0.2,0,0,0.1,0,0.2,0,0,0,0,0,0,0,0,0,0,0,0,0.1,0,0.1,1.9,0.2,0
"Gajer, Janov",0,0,0,0,0,0,0,0,0,0,0,0,0,0,0,0,0,0,0,0,0,0,0,0
Luká,0.2,0,0,0,0,0,0,0,0,0,0,0,0,0,0,0,0,0,0,0,0,0,0,0
Verneřice,0,0,0,0,0,0,0,0,0,0.2,0,0,0,0,0,0,0,0,0,0,0,0,0,0
Planá,0,0,0,0,0,0,0,0,0.2,0,0,0,0,0,0,0,0,0,0,0,0,0.8,0.6,0
Jemnice,,,,,,,,,,,,,,,,,,,,,,,,
Jeseník,0.4,0.5,0,0,0,0.2,0.2,0,0,0,0,0,0,0.1,0,0,0,0,0,0,0,0,0,0
Temelín,0,0,0,0,0,0,0,0,0,0,0,0,0,0,0,0,0,0,0,0,0,0,0,0
"Město Albrechtice, Žáry",0,0,0,0,0,0,0,0,0,0,0.1,0,0,0,0,0,0,0,0,0,0,0,0,0
Jablonec nad Nisou,0,0,0,0,0,0.1,0,0,0,0,0.1,0,0,0,0,0,0,0,0,0,0,0,0,0.2
Nalžovské Hory,0,0,0,0,0,0,0,0,0,0,0,0,0,0,0,0,0,0,0,1.4,0,0,0,0
Olší,0,0,0,0,0,0,0,0,0,0,0,0,0,0,0,0,0,0,0,0,0,0,0,0
Pacov,0,0,0,0,0,0,0,0,0,0,0,0,0,0,0,0,0,0,0,0,0,0,0,0
Březnice,0,0,0,0,0,0,0,0.1,0,0,0,0,0,0,0,0,0,0,0,0,0,0,0,0
Vlkonice,0,0,0,0,0,0,0,0,0,0,0,0,0,0,0,0,0,0,0,0.5,0,0,0,0
Ondřejov,0,0,0,0,0,0,0,0,0,0,0,0,0,0,0,0,0,0,0,0,0,0,0,0
Chudenice,0,0,0,0,0,0,0,0,0,0,0,0,0,0,0,0,0,0,0.1,0.2,0,0,0,0
Vítkov,0.1,0,0,0,0,0,0,0,0,0,0,0,0,0.2,0.2,0,0,0,0,0,0,0,0,0
"Zbýšov, Dobrovítov",0,0,0,0,0,0,0,0,0,0,0,0,0,0,0,0,0,0,0,0,0,0,0,0
Tachov,0,0.1,0,0.1,0,0,0.2,0,0.4,0,0,0,0,0,0,0,0,0,0,0,0,1.8,0.1,0
Bernartice,0,0,0,0,0,0,0,0,0,0,0,0,0,0,0,0,0,0,0,0,0,0,0,0
Lomnice nad Popelkou,0,0,0,0,0,0,0,0,0,0.1,0,0,0,0,0,0,0,0,0,0,0,0,0,0
Sloup,0,0,0,0,0,0,0,0,0,0,0,0,0,0,0,0,0,0,0,0,0,0,0,0
Velká Bíteš,0,0,0,0,0,0,0,0,0,0,0,0,0,0,0,0,0,0,0,0,0,0,0,0
Husinec,0,0,0,0,0,0,0,0,0,0,0,0,0,0,0,0,0,0,0,0,0,0,0,0
Cheb,0,0.1,0.3,0,0,0,0,0.1,0,0,0,0,0,0,0,0,0,0,0,0,1.4,0.8,0,0
Paseky,0,0,0,0,0,0,0,0,0,0,0,0,0,0,0,0,0,0,0,0,0,0,0,0
Vrchlabí,0.4,0,0,0,0.1,0.5,0.2,0,0,0.2,0.6,0,0.1,0,0,0,0,0,0,0,0,0,0,0
"Zbiroh, Švabín",0,0,0,0,0,0,0,0,0,0,0,0,0,0,0,0,0,0,0,0,0,0,1.1,0.9
Byňov,0,0,0,0,0,0,0,0,0,0,0,0,0,0,0,0,0,0,0,0,0,0,0,0
Sedlec,0,0,0,0,0,0,0,0,0,0,0,0,0,0,0,0,0,0,0,0,0,0,0,0
Nové Město pod Smrkem,0.4,0,0,0,0.1,0,0,0,0,0,0.1,0,0.2,0,0,0,0,0,0,0,0,0,0,0.1
Nepomuk,0,0,0,0,0,0,0,0,0,0,0,0,0,0,0,0,0,0,0,0.2,0,0,0,0
Habry,0,0,0,0,0,0,0,0,0,0,0,0,0,0,0,0,0,0,0,0,0,0,0,0
"Jihlava, Hruškové Dvory",0,0,0,0,0,0,0,0,0,0,0.1,0,0,0,0,0,0,0,0,0,0,0,0,0
Trhové Sviny,0,0,0,0,0,0,0,0,0,0,0,0,0,0,0,0,0,0,0,0,0,0,0,0
Karlovice,0.3,0,0,0,0,0.1,0.1,0,0,0,0,0,0.1,0,0,0,0.1,0,0,0,0,0,0,0
"Tábor, Měšice",0,0,0,0,0,0,0,0,0,0,0,0,0,0,0,0,0,0,0,0,0,0,0,0
Chlum u Třeboně,0,0.1,0,0,0,0,0,0,0,0,0,0,0,0,0,0,0,0,0,0,0,0,0,0
Moravské Budějovice,0,0,0,0,0,0,0,0,0,0,0,0,0,0,0,0,0,0,0,0,0,0,0,0
Domažlice,0,0,0,0,0,0,0,0,0,0.1,0,0,0,0,0,0,0,0,0.3,0,0.1,0.1,0,0
Valašská Bystřice,0,0.1,0,0,0,0,0,0,0,0,0,0,0,0,0,0,0,0,0,0,0,0,0,0
Skuteč,0,0,0,0,0,0,0,0,0,0,0,0,0,0,0,0,0,0,0,0,0,0,0,0
Třebíč,0,0,0,0,0,0,0,0,0,0,0,0,0,0,0,0,0,0,0,0,0,0,0,0
Havlíčkův Brod,0,0,0,0,0,0,0,0,0,0,0,0,0,0,0,0,0,0,0,0,0,0,0,0
Velké Meziříčí,0,0,0,0,0,0,0,0,0,0,0,0,0,0,0,0,0,0,0,0,0,0,0,0
Chelčice,0.1,0,0,0,0,0,0,0,0,0,0,0,0,0,0.1,0,0,0,0,0,0,0,0,0
"Huslenky, Kychová",0,0,0,0,0,0,0,0,0,0,0,0,0,0,0,0,0,0,0,0,0,0,0,0
Hudlice,0,0,0,0,0,0,0,0,0,0,0,0,0,0,0,0,0,0,0,0,0,0,0.5,0.5
Kralovice,0,0,0,0,0,0,0,0,0,0,0,0,0,0,0,0,0,0,0,0,0,0,1.1,0
"Staré Sedlo, Darmyšl",0,0.3,0,0,0,0,0,0,0,0,0,0,0,0,0,0,0,0,0,0,0,0.4,0.8,0
"Volyně, Nihošovice",0.5,0,0,0,0,0,0,0,0,0,0,0,0,0,0,0,0,0,0,0,0,0,0,0
Hradec nad Svitavou,0,0,0,0,0,0,0,0,0,0,0,0,0,0,0,0,0,0,0,0,0,0,0,0
Police nad Metují,0.1,0,0,0,0,0,0,0,0,0,0,0,0,0,0,0,0,0,0,0,0,0,0,0
"Řendějov, Nový Samechov",0,0,0,0,0,0,0,0,0,0,0,0,0,0,0,0,0,0,0,0,0,0,0,0
Zlaté Hory,0,0,0,0,0,0,0,0,0,0,0,0,0,0,0,0,0,0,0,0,0,0,0,0
Stříbro,0,0.1,0.1,0,0,0,0,0,0,0,0,0,0,0,0,0,0,0,0,0,0,0.2,1.1,0
Trutnov,0.1,0,0,0,0,0.1,0,0,0,0,0,0,0.2,0.1,0,0,0.1,0,0,0,0,0,0,0
Frenštát pod Radhoštěm,0,0,0,0,0,0,0,0,0,0,0,0,0,0,0,0,0,0,0,0,0,0,0,0
Mladá Vožice,0,0,0,0,0,0,0,0,0,0,0,0,0,0,0,0,0,0,0,0,0,0,0,0
Vráž,0,0,0,0,0,0,0,0,0,0,0,0,0,0,0,0,0,0,0,0,0,0,0,0
Hanušovice,0.3,0.6,0,0,0,0.2,0.1,0,0,0,0.1,0,0.5,0.1,0,0,0,0,0,0,0,0,0,0.1
Štíty,0.6,0,0,0,0,0,0,0,0,0,0,0,0,0,0,0,0,0,0,0,0,0,0,0
Orlík nad Vltavou,0,0,0,0,0,0,0,0,0,0,0,0,0,0,0,0,0,0,0,0,0.3,0,0,0
Krsice,0,0,0,0,0,0,0,0,0,0,0,0,0,0,0,0,0,0,0,0.2,0.2,0,0,0
"Třeboň, Lužnice",0,0.2,0,0,0,0,0,0,0,0,0,0,0,0,0,0,0,0,0,0,0,0,0,0
Úlice,0,0,0,0,0,0,0,0,0,0,0,0,0,0,0,0,0,0,0,0,0,0.2,1.7,0
Staré Hutě,0,0,0,0,0,0,0,0,0,0,0,0,0,0,0,0,0,0,0,0,0,0,0,0
Božanov,0,0,0,0,0,0,0,0,0,0,0,0.4,0,0,0,0,0,0,0,0,0,0,0,0
"Hvozdec, Mrtník",0,0,0,0,0,0,0,0,0,0,0.1,0,0,0,0,0,0,0,0,0,0,0,0,0.5
Libice nad Doubravou,0,0,0,0,0,0,0,0,0,0,0,0,0,0,0,0,0,0,0,0,0,0,0,0
Obora,0,0,0,0,0,0,0,0,0,0,0,0,0,0.3,0,0,0,0,0,0,0,0,0,0
Holenice,0,0,0,0,0,0,0,0,0,0,0,0,0,0,0,0,0,0,0,0,0,0,0,0
Nová Ves,0,0,0,0,0,0,0,0,0,0,0,0,0,0,0,0,0,0,0,0,0,0,0,0
Klatovy,0,0,0,0,0,0,0,0,0,0,0,0,0,0,0,0,0,0,0,0.8,0.1,0,0,0
Bahno,0,0,0,0,0,0,0,0,0,0,0,0,0,0,0,0,0,0,0,0,0,0,0,0
Svatý Jan,0,0,0,0,0,0,0,0,0,0,0,0,0,0,0,0,0,0,0,0,0,0,0,0
Borkovice,0,0,0,0,0,0,0,0,0,0,0,0,0,0,0,0,0,0,0,0,0,0,0,0
Kounov,0,0,0,0,0,0,0,0,0,0,0,0,0,0,0,0,0,0,0,0,0,0,0.1,0
Lány,0,0,0,0,0,0,0,0,0,0,0,0,0,0,0,0,0,0,0,0,0,0,0,0.4
"Vavřinec, Žíšov",0,0,0,0,0,0,0,0,0,0,0,0,0,0,0,0,0,0,0,0,0,0,0,0
Vlašim,0,0,0,0,0,0,0,0,0,0,0,0,0,0,0,0,0,0,0,0,0,0,0,0
Úpice,0,0,0,0,0,0,0,0,0,0.1,0,0.1,0,0,0,0,0,0,0,0,0,0,0,0
Velké Losiny,0.2,1.1,0.1,0,0,0,0.3,0,0,0,0,0,0.3,0,0,0,0,0,0,0,0,0,0,0
Hluboká nad Vltavou,0,0,0,0,0,0,0,0,0,0,0,0,0,0,0,0,0,0,0,0,0,0,0,0
Bechyně,0,0,0,0,0,0,0,0,0,0,0,0,0,0,0,0,0,0,0,0,0,0,0,0
"Tišnov, Hájek",0.1,0,0,0,0,0,0,0,0,0,0,0,0,0,0,0,0,0,0,0,0,0,0,0
Heřmanov,0,0,0,0,0,0,0,0,0,0,0,0,0,0,0,0,0,0,0,0,0,0,0.2,0
Sokolov,0,0,0,0,0,0,0,0,0,0,0,0,0,0,0,0,0,0,0,0,0,0.9,0,0
Karlova Ves,0,0,0,0,0.3,0,0,0,0,0,0,0,0,0,0,0,0,0,0,0,0,0,0.4,0.4
Žamberk,0.1,0,0,0,0,0,0,0,0,0,0,0,0,0,0,0,0,0,0,0,0,0,0.2,0
"Strakonice, Nové Strakonice",0,0,0,0,0,0,0,0,0,0,0,0,0,0,0,0,0,0,0,0,0,0,0,0
Dubí,0,0,0,0,0,0,0,0,0,0,0.1,0,0,0,0,0,0,0,0,0,0,0,0,0
Terešov,0,0,0,0,0,0,0,0,0,0.4,0,0,0,0,0,0,0,0,0,0,0,0.1,1.8,0.7
Tokáň,0,0,0,0,0,0,0.1,0,0,0,0,0,0,0,0,0.1,0,0,0,0,0,0,0,0
Ústí nad Orlicí,0.1,0,0,0,0,0,0,0,0,0,0,0,0,0,0,0,0,0,0,0,0,0,0.3,0
Valašské Klobouky,0,0,0,0,0,0,0,0,0,0,0,0,0,0,0,0,0,0,0,0,0,0,0,0
Slatina nad Zdobnicí,0,0.1,0,0,0,0,0,0,0,0,0,0,0,0,0,0,0,0,0,0,0,0,0.2,0
Dukovany,0,0,0,0,0,0,0,0,0,0,0,0,0,0,0,0,0,0,0,0,0,0,0,0
Nové Hrady,0,0,0,0,0,0,0,0,0,0,0,0,0,0,0,0,0,0,0,0,0,0,0,0
Liberec,0,0,0,0,0,0,0,0,0,0.2,0,0,0,0,0,0,0,0,0,0,0,0,0,0.3
Hejnice,0.1,0,0,0,0,0,0,0,0,0,0,0,0.2,0.3,0,0,0,0,0,0,0,0,0,0.6
"České Budějovice,Rožnov",0,0,0,0,0,0,0,0,0,0,0,0,0,0,0,0,0,0,0,0,0,0,0,0
Křižany,0,0,0,0,0,0,0,0,0,0.2,0,0,0,0,0,0,0,0,0,0,0,0,0,0.2
Mařenice,0,0,0,0,0,0,0,0,0.3,0.2,0,0,0,0,0,0,0,0,0,0,0,0,0,0.3
Nové Heřminovy,0.2,0,0,0,0,0,0,0,0,0,0,0,0,0.1,0,0,0,0,0,0,0,0,0,0
"Praha, Stodůlky (Kopanina, PVS)",0,0,0,0,0.1,0,0,0,0,0,0,0,0,0,0,0,0,0,0,0,0,0,0.2,0.8
Náměšť nad Oslavou,0,0,0,0,0,0,0,0,0,0,0,0,0,0,0,0,0,0,0,0,0,0,0,0
Zruč nad Sázavou,0,0,0,0,0,0,0,0,0,0,0,0,0,0,0,0,0,0,0,0,0,0,0,0
Lichnov,0.1,0,0,0,0,0,0,0,0,0,0,0,0,0.1,0,0,0,0,0,0,0,0,0,0
Vsetín,0,0,0,0,0,0,0,0,0,0,0,0,0.1,0,0,0,0,0,0,0,0,0,0,0
Hošťálková,0,0,0,0,0,0,0,0,0,0,0,0,0,0,0,0,0,0,0,0,0,0,0,0
Voznice,0,0,0,0,0,0,0,0,0,0,0,0,0,0,0,0,0,0,0,0,0,0,0,0.2
Strání,0,0,0,0,0,0,0,0,0,0,0,0,0,0,0,0,0,0,0,0,0,0,0,0
"Boseň, Mužský",0,0,0,0,0,0,0,0,0,0,0.1,0,0,0,0,0,0,0,0,0,0,0,0,0
Kestřany,0,0,0,0,0,0,0,0,0,0,0,0,0,0,0,0,0,0,0,0,0,0,0,0
"Jablunkov, Návsí",0,0,0,0,0,0,0,0,0,0,0,0,0,0,0,0,0,0,0,0,0,0,0,0
Karlovy Vary,0,0,0,0,0,0,0,0.1,0,0,0,0,0,0,0,0,0,0,0,0,0,0.5,0,0
Hulice,0,0,0,0,0,0,0,0,0,0,0,0,0,0,0,0,0,0,0,0,0,0,0,0
Podivice,0,0,0,0.1,0,0,0,0,0,0,0,0,0,0,0,0,0,0,0,0,0,0,0,0
Rožnov pod Radhoštěm,0,0.7,0,0,0,0,0,0,0,0,0,0,0,0,0,0,0,0,0,0,0,0,0,0
Třebařov,0,0,0,0,0,0,0,0,0,0,0,0,0,0,0,0,0,0,0,0,0,0,0,0
"Ústí nad Labem, Kočkov",0,0,0,0,0,0,0,0,0,0,0,0,0,0,0,0,0,0,0,0,0,0,0,0
Horšovský Týn,0,0,0,0,0,0,0,0,0,0.1,0,0,0,0,0,0,0,0,0,0,0,0,0,0
Broumov,0,0,0,0,0,0,0,0,0,0,0,0,0,0.4,0,0,0,0,0,0,0,0,0,0
Mašťov,0,0,0,0,0,0,0,0,0,0,0,0,0,0,0,0,0,0,0,0,0,0.2,0,0
"Praha, Řepy",0,0,0,0,0,0,0,0,0,0,0,0,0,0,0,0,0,0,0,0,0,0,0.1,0.8
"Praha, Jinonice (Vidoule, PVS)",0,0,0,0,0,0,0,0,0,0,0,0,0,0,0,0,0,0,0,0,0,0,0.1,0.7
Strojetice,0,0,0,0,0,0,0,0,0,0,0,0,0,0,0,0,0,0,0,0,0,0,0.2,0
Nezvěstice,0,0.1,0,0,0,0,0,0,0,0,0,0,0,0,0,0,0,0,0,0,0,0,0.3,0
"Praha, Břevnov (Vypich, PVS)",0,0,0,0,0,0,0,0,0,0,0,0,0,0,0,0,0,0,0,0,0,0,0.1,0.7
Rokycany,0,0.1,0,0,0,0,0,0,0,0,0,0,0,0,0,0,0,0,0,0,0,0,0.3,0.1
Semily,0.1,0,0,0,0.2,0,0,0,0,0.3,0.3,0.1,0,0,0,0,0,0,0,0,0,0,0,0
"Měrunice, Žichov",0,0,0,0,0,0,0,0,0,0,0,0,0,0,0,0,0,0,0,0,0,0,0,0
Varnsdorf,0,0,0,0,0,0,0,0,0.1,0.1,0.1,0,0,0,0,0,0,0,0,0,0,0,0,0.3
Netvořice,0,0,0,0,0,0,0,0,0,0,0,0,0,0,0,0,0,0,0,0,0,0,0,0.4
"Praha, Ruzyně",0,0,0,0,0,0,0,0,0,0,0,0,0,0,0,0,0,0,0,0,0,0,0,0.4
Jevíčko,0.1,0,0,0,0,0,0,0,0,0,0,0,0,0,0,0,0,0,0,0,0,0.1,0,0
Lanškroun,0.1,0,0,0,0,0,0,0,0,0,0,0,0,0,0,0,0,0,0,0,0,0,0.1,0
Staňkov,0,0,0,0,0,0,0,0,0,0,0,0,0,0,0,0,0,0,0,0,0,0,0.1,0
"Hrob, Křižanov",0,0,0,0,0,0,0,0,0,0,0,0,0,0,0,0,0,0,0,0,0,0,0,0
Krnov,0,0,0,0,0,0,0,0,0,0,0,0,0,0,0,0,0,0,0,0,0,0,0,0
Oskava,0.4,0,0,0,0,0,0.1,0,0,0,0,0,0,0,0,0,0,0,0,0,0,0,0,0
"Plzeň, Mikulka",0,0,0,0,0,0,0,0,0,0,0,0,0,0,0,0,0,0,0,0,0,0.1,1.1,0
Nový Bor,0,0,0,0,0,0,0,0,0.1,0,0.1,0,0,0,0,0,0,0,0,0,0,0,0,0
"Český Dub, Modlibohov",0,0,0,0,0,0.1,0,0,0.1,0.5,0.3,0,0,0,0,0,0,0,0,0,0,0,0,0.2
"Praha, Břevnov",0,0,0,0,0,0,0,0,0,0,0,0,0,0,0,0,0,0,0,0,0,0,0.2,0.6
Šluknov,0,0,0,0,0,0,0,0,0,0,0,0,0.1,0,0,0,0,0,0,0,0,0,0,0
Hostinné,0.3,0,0,0,0,0.2,0.1,0,0,0,0,0,0.1,0,0,0,0,0,0,0,0,0,0,0
Lobendava,0,0,0,0,0,0,0,0,0,0,0,0,0,0.1,0,0,0,0,0,0,0,0,0,0
Horní Lhota,0,0,0,0,0,0,0,0,0,0,0,0,0,0,0,0,0,0,0,0,0,0,0,0
Milešov,0,0,0,0,0,0,0,0,0,0,0,0,0,0,0,0,0,0,0,0,0,0,0.1,0
"Nedrahovice, Rudolec",0,0,0,0,0,0,0,0,0,0,0,0,0,0,0,0,0,0,0,0,0,0,0,0
Dobřany,0,0.1,0,0,0,0,0,0,0,0,0,0,0,0,0,0,0,0,0,0,0,0,0.2,0
"Horoměřice (Suchdol, PVS)",0,0,0,0,0,0,0,0,0,0,0,0,0,0,0,0,0,0,0,0,0,0,0,0.1
Mořkov,0,0,0,0,0,0,0,0,0,0,0,0,0,0,0,0.1,0,0,0,0,0,0,0,0
Smolnice,0,0,0,0,0,0,0,0,0,0,0,0,0,0,0,0,0,0,0,0,0,0,0,0
Benešov,0,0,0,0,0,0,0,0,0,0,0,0,0,0,0,0,0,0,0,0,0,0,0,0
Mšeno,0,0,0,0.1,0,0,0,0,0,0,0,0,0,0,0,0,0,0,0,0,0,0,0,0
Džbánice,0,0,0,0,0,0,0,0,0,0,0,0,0,0,0,0,0,0,0,0,0,0,0,0
Frýdlant,0.3,0,0,0,0.1,0,0,0,0,0,0,0.2,0.5,0,0,0,0,0,0,0,0,0,0,0.6
Stod,0,0.1,0,0,0,0,0,0,0,0,0,0,0,0,0,0,0,0,0,0,0,0,0.6,0
Rychnov nad Kněžnou,0,0,0,0,0,0,0,0,0,0,0,0,0,0,0,0,0,0,0,0,0,0,0.2,0
Kuchařovice,0,0,0,0,0,0,0,0,0,0,0,0,0,0,0,0,0,0,0,0,0,0,0,0
Valašské Meziříčí,0,0.3,0,0,0,0,0,0,0,0,0,0,0,0,0,0,0,0,0,0,0,0,0,0
"Plzeň, Bolevec",0,0,0,0,0,0,0,0,0,0,0,0,0,0,0,0,0,0,0,0,0,0.4,2.3,0
Stráž nad Ohří,0,0,0,0,0,0.1,0,0,0.2,0,0,0,0,0,0,0,0,0,0,0.2,0,0.2,0,0
"Luhačovice, Kladná-Žilín",0,0,0,0,0,0,0,0,0,0,0,0,0,0,0,0,0,0,0,0,0,0,0,0
Velká Černoc,0,0,0,0,0,0,0,0,0,0,0,0,0,0,0,0,0,0,0,0,0,0,0,0
Šumperk,0.4,0,0,0,0,0,0,0,0,0,0,0.1,0,0,0,0,0,0,0,0,0,0,0,0
Ropice,0,0,0,0,0,0,0,0,0,0,0,0,0,0,0,0,0,0,0,0,0,0,0,0
Střelice,0,0,0,0,0,0,0,0,0,0,0,0,0,0,0,0,0,0,0,0,0,0,0,0
Neumětely,0,0,0,0,0,0,0,0,0,0,0,0,0,0,0,0,0,0,0,0,0,0,0,0.5
"Praha, Chodov (PVS)",0,0,0,0,0,0,0,0,0,0,0,0,0,0,0,0,0,0,0,0,0,0,0,1.3
Tušimice,0,0,0,0,0,0,0,0,0,0,0,0,0,0,0,0,0,0,0,0,0,0,0,0
Holovousy,0,0,0,0,0,0,0,0,0,0,0,0.2,0,0,0,0,0,0,0,0,0,0,0,0
Jablonné v Podještědí,0,0,0,0,0,0,0,0,0.2,0.3,0,0,0,0,0,0,0,0.1,0,0,0,0,0,0.1
"Bílý Újezd, Hroška",0,0,0,0,0,0,0,0,0,0,0,0,0,0.4,0,0,0,0,0,0,0,0,0,0
Štítná nad Vláří - Popov,0,0,0,0,0,0,0,0,0,0,0,0,0,0,0,0,0,0,0,0,0,0,0,0
Bystřice pod Hostýnem,0,0,0,0,0,0,0,0,0,0,0,0,0,0,0,0,0,0,0,0,0,0,0,0
Chrastava,0,0,0,0,0,0,0,0,0,0,0,0.1,0.5,0.1,0,0,0,0,0,0,0,0,0,0.5
"Praha, Horní Měcholupy (Kozinec, PVS)",0,0,0,0,0,0,0,0,0,0,0,0,0,0,0,0,0,0,0,0,0,0,0,1
Rakovník,0,0,0,0,0,0,0,0,0,0,0,0,0,0,0,0,0,0,0,0,0,0,0.4,0.1
Vizovice,0,0,0,0,0,0,0,0,0,0,0,0,0,0,0,0,0,0,0,0,0,0,0,0
Katusice,0,0,0,0,0,0,0,0,0,0,0,0,0,0,0,0,0,0,0,0,0,0,0,0
Průhonice,0,0,0,0,0,0,0,0,0,0,0,0,0,0,0,0,0,0,0,0,0,0,0,0.7
Bojkovice,0,0,0,0,0,0,0,0,0,0,0,0,0,0,0,0,0,0,0,0,0,0,0,0
Stráž pod Ralskem,0,0,0,0,0,0.1,0,0,0.1,0.5,0.1,0,0,0,0,0,0,0,0,0,0,0,0,0.2
Slaný,0,0,0,0,0,0,0,0,0,0,0,0,0,0,0,0,0,0,0,0,0,0,0,0.1
Bělotín,0,0,0,0,0,0,0,0,0,0,0,0,0,0,0,0,0,0,0,0,0,0,0,0
Hoštejn,0.2,0,0,0,0,0,0,0,0,0,0,0,0,0,0,0,0,0,0,0,0,0,0,0
"Praha, Radotín",0,0,0,0,0,0,0,0,0,0,0,0,0,0,0,0,0,0,0,0,0,0,0,1.5
"Praha, Libuš",0,0,0,0,0,0,0,0,0,0,0,0,0,0,0,0,0,0,0,0,0,0,0,1.3
Lučina,0,0,0,0,0,0,0,0,0,0,0,0,0,0,0,0,0,0,0,0,0,0,0,0
Lázně Bělohrad,0,0,0,0,0,0.1,0,0,0,0,0,0,0,0,0,0,0,0,0,0,0,0,0,0
Liblín,0,0,0,0,0,0,0,0,0,0.1,0,0,0,0,0,0,0,0,0,0,0,0,0.7,0.1
Velichovky,0,0,0,0,0,0,0,0,0,0,0,0.2,0,0,0,0,0,0,0,0,0,0,0,0
"Praha, Ďáblice (Ládví, PVS)",0,0,0,0,0,0,0,0,0,0,0,0,0,0,0,0,0,0,0,0,0,0,0,0.2
"Praha, Modřany sever II (PVS)",0,0,0,0,0,0,0,0,0,0,0,0,0,0,0,0,0,0,0,0,0,0,0,1.2
Hrušová,0,0,0,0,0,0,0,0,0,0,0,0,0,0,0,0,0,0,0,0,0,0,0,0
"Praha, Hlubočepy (Barrandov, PVS)",0,0,0,0,0.1,0,0,0,0,0,0,0,0,0,0,0,0,0,0,0,0,0,0,1.3
"Česká Skalice, Rozkoš",0,0,0,0,0,0.1,0,0,0,0,0,0.2,0.1,0,0,0,0,0,0,0,0,0,0,0
"Praha, Kbely",0,0,0,0,0,0,0,0,0,0,0,0,0,0,0,0,0,0,0,0,0,0,0,0.3
Doksy,0,0,0,0,0,0,0,0,0,0,0,0,0,0,0,0,0,0,0,0,0,0,0,0
Javorník,0,0,0,0,0,0,0,0,0,0,0,0,0,0,0.1,0,0,0,0,0,0,0,0,0
Jičín,0,0,0,0,0,0.1,0,0,0,0,0,0,0,0,0,0,0,0,0,0,0,0,0,0
Nemochovice,0,0,0,0,0,0,0,0,0,0,0,0,0,0,0,0,0,0,0,0,0,0,0,0
Zlín,0,0,0,0,0,0,0,0,0,0,0,0,0,0,0,0,0,0,0,0,0,0,0,0
Dubicko,0,0,0,0,0,0,0,0,0,0,0,0,0,0.6,0,0,0,0,0,0,0,0,0,0
Choceň,0,0,0,0,0,0,0,0,0,0,0,0,0,0,0,0,0,0,0,0,0,0,0.2,0.1
Kamýk nad Vltavou,0,0,0,0,0,0,0,0,0,0,0,0,0,0,0,0,0,0,0,0,0,0,0,0
"Praha, Vinohrady - Flora",0,0,0,0,0,0,0,0,0,0,0,0,0,0,0,0,0,0,0,0,0,0,0,0.8
"Hradec Králové, Nový Hradec Králové",0,0,0,0,0,0,0,0,0,0,0,0,0.1,0,0,0,0,0,0,0,0,0,0,0
Mimoň,0,0,0,0,0,0,0,0,0,0.3,0.3,0,0,0,0,0,0,0,0,0,0,0,0,0.1
Troubsko,0,0,0,0,0,0,0,0,0,0,0,0,0,0,0,0,0,0,0,0,0,0,0,0
"Praha, Vinohrady (Flora, PVS)",0,0,0,0,0,0,0,0,0,0,0,0,0,0,0,0,0,0,0,0,0,0,0,0.9
Heřmanův Městec,0,0,0,0,0,0,0,0,0,0,0,0,0,0,0,0,0,0,0,0,0,0,0,0
"Žandov, Horní Police",0,0,0,0,0,0,0,0,0,0,0,0,0,0,0,0,0,0,0,0,0,0,0,0
"Praha, Michle (Zelená Liška, PVS)",0,0,0,0,0,0.1,0,0,0,0,0,0,0,0,0,0,0,0,0,0,0,0,0,1.2
Paseka,0.1,0,0,0,0,0,0,0,0,0,0,0,0,0,0,0,0,0,0,0,0,0,0,0
"Frýdek-Místek, Sviadnov",0,0,0,0,0,0,0,0,0,0,0,0,0,0,0,0,0,0,0,0,0,0,0,0
Hřivice,0,0,0,0,0,0,0,0,0,0,0,0,0,0,0,0,0,0,0,0,0,0,0,0
"Praha, Žižkov (Hrdlořezy, PVS)",0,0,0,0,0,0,0,0,0,0,0,0,0,0,0,0,0,0,0,0,0,0,0,0.5
Zahrádky,0,0,0,0,0,0,0,0,0,0,0.1,0,0,0,0,0,0,0,0,0,0,0,0,0.2
"Ostrava, Slezská Ostrava",0,0,0,0,0,0,0,0,0,0,0,0.1,0,0,0,0,0,0,0,0,0,0,0,0
Opava,0,0,0,0,0,0,0,0,0,0,0,0,0,0,0.1,0,0,0,0,0,0,0,0,0
"Praha, Horní Počernice (PVS)",0,0,0,0,0,0,0,0,0,0,0,0,0,0,0,0,0,0,0,0,0,0,0,0.7
"Praha, Dubeč (PČOV Uhříněves, PVS)",0,0,0,0,0,0,0,0,0,0,0,0,0,0,0,0,0,0,0,0,0,0,0,0.6
Zbečno,0,0,0,0,0,0,0,0,0,0,0,0,0,0,0,0,0,0,0,0,0,0,0.3,0.1
"Praha, Karlov",0,0,0,0,0,0,0,0,0,0,0,0,0,0,0,0,0,0,0,0,0,0,0,0.5
Chotyně,0,0,0,0,0,0,0,0,0,0.1,0,0,0.2,0,0,0,0,0,0,0,0,0,0,0.4
Mrzky,0,0,0,0,0,0.1,0,0,0,0,0,0,0,0,0,0,0,0,0,0,0,0,0,0.1
Chuchelná,0,0,0,0,0,0,0,0,0,0,0,0,0,0,0,0,0,0,0,0,0,0,0,0
"Praha, Kyje (PVS)",0,0,0,0,0,0,0,0,0,0,0,0,0,0,0,0,0,0,0,0,0,0,0,1
Hladké Životice,0,0,0,0,0,0,0,0,0,0,0,0,0,0,0,0,0,0,0,0,0,0,0,0
České Meziříčí,0,0,0,0,0,0,0,0,0,0,0,0,0,0.1,0,0,0,0,0,0,0,0,0,0
Mokošín,0,0,0,0,0,0,0,0,0,0,0,0,0,0,0,0,0,0,0,0,0,0,0,0
Borohrádek,0,0,0,0,0,0,0,0,0,0,0,0,0,0,0,0,0,0,0,0,0,0,0.3,0
"Praha, Libeň (Prosek, PVS)",0,0,0,0,0,0,0,0,0,0,0,0,0,0,0,0,0,0,0,0,0,0,0,0.2
"Slatiny, Milíčeves",0,0,0,0,0,0,0,0,0,0,0,0,0,0,0,0,0,0,0,0,0,0,0,0
Mošnov,0,0,0,0,0,0,0,0,0,0,0,0,0,0,0,0,0,0,0,0,0,0,0,0
Turnov,0,0,0,0,0,0,0,0,0,0.1,0,0,0,0,0,0,0,0,0,0,0,0,0,0
"Čáslav, Nové město",0,0,0,0,0,0,0,0,0,0,0,0,0,0,0,0,0,0,0,0,0,0,0,0
"Husinec, Řež",0,0,0,0,0,0,0,0,0,0,0,0,0,0,0,0,0,0,0,0,0,0,0,0.1
Višňová,0,0,0,0,0,0,0,0,0,0,0.2,0.2,0.6,0,0,0,0,0,0,0,0,0,0,0
Šternberk,0.3,0,0,0,0,0,0,0,0,0,0,0,0,0,0.1,0,0,0,0,0,0,0,0,0
Česká Lípa,0,0,0,0,0,0,0,0,0,0.2,0,0,0,0,0,0,0,0,0,0,0,0,0,0.1
"Praha, Běchovice (PVS)",0,0,0,0,0,0,0,0,0,0,0,0,0,0,0,0,0,0,0,0,0,0,0,0.5
Dolní Bousov,0,0,0,0,0,0,0,0,0,0,0,0,0,0,0,0,0,0,0,0,0,0,0,0
Ivanovice na Hané,0,0,0,0,0,0,0,0,0,0,0,0,0,0,0,0,0,0,0,0,0,0,0,0
"Praha, Karlov (PVS)",0,0,0,0,0,0,0,0,0,0,0,0,0,0,0,0,0,0,0,0,0,0,0,0.6
"Praha, Střešovice (Bruska, PVS)",0,0,0,0,0,0,0,0,0,0,0,0,0,0,0,0,0,0,0,0,0,0,0.1,0.6
"Brno, Tuřany",0,0,0,0,0,0,0,0,0,0,0,0,0,0,0,0,0,0,0,0,0,0,0,0
Hrochův Týnec,0,0,0,0,0,0,0,0,0,0,0,0,0,0,0,0,0,0,0,0,0,0,0,0
"Hradec Králové, Svobodné Dvory",0,0,0,0,0,0,0,0,0,0,0,0,0.4,0,0,0,0,0,0,0,0,0,0.1,0
Kopisty,0,0,0,0,0,0,0,0,0,0,0,0,0,0,0,0,0,0,0,0,0,0,0,0
Libáň,0,0,0,0,0,0,0,0,0,0,0,0,0,0,0,0,0,0,0,0,0,0,0,0
"Ostrava, Poruba",0,0,0,0,0,0,0,0.1,0,0,0,0,0,0,0,0,0,0,0,0,0,0,0,0
Dřevohostice,0,0,0,0,0,0,0,0,0,0,0,0,0,0,0,0,0,0,0,0,0,0,0,0
"Chotusice, letiště",0,0,0,0,0,0,0,0,0,0,0,0,0,0,0,0,0,0,0,0,0,0,0,0
Osoblaha,0,0,0,0,0,0,0,0,0,0,0,0,0,0,0,0,0,0,0,0,0,0,0,0
Šatov,0,0,0,0,0,0,0,0,0,0,0,0,0,0,0,0,0,0,0,0,0,0,0,0
Ždánice,0,0,0,0,0,0,0,0,0,0,0,0,0,0,0,0,0,0,0,0,0,0,0,0
"Bohumín, Záblatí",0,0,0,0,0,0,0,0,0,0,0,0,0,0,0,0,0,0,0,0,0,0,0,0
"Brno, Žabovřesky",0,0,0,0,0,0,0,0,0,0,0,0,0,0,0,0,0,0,0,0,0,0,0,0
Semčice,0,0,0,0,0,0,0,0,0,0,0,0,0,0,0,0,0,0,0,0,0,0,0,0.1
Kroměříž,0,0,0,0,0,0,0,0,0,0,0,0,0,0,0,0,0,0,0,0,0,0,0,0
Nový Bydžov,0,0,0,0,0,0,0,0,0,0,0,0,0.1,0,0,0,0,0,0,0,0,0,0,0
Zlonice,0,0,0,0,0,0,0,0,0,0,0,0,0,0,0,0,0,0,0,0,0,0,0,0
Vidnava,0.1,0,0,0,0,0,0,0,0,0,0,0,0,0,0,0,0,0,0,0,0,0,0,0
Radovesnice II.,0,0,0,0,0,0,0,0,0,0,0,0,0,0,0,0,0,0,0,0,0,0,0,0
Teplice,0,0,0,0,0,0,0,0,0,0,0,0,0,0,0,0,0,0,0,0,0,0,0,0
Hluk,0,0,0,0,0,0,0,0,0,0,0,0,0,0,0,0,0,0,0,0,0,0,0,0
Karviná,0,0,0,0,0,0,0,0,0,0,0,0,0,0,0,0,0,0,0,0,0,0,0,0
"Pardubice, letiště",0,0,0,0,0,0,0,0,0,0,0,0,0,0,0,0,0,0,0,0,0,0.1,0.2,0
"Veleň, PČOV Miškovice (PVS)",0,0,0,0,0,0,0,0,0,0,0,0,0,0,0,0,0,0,0,0,0,0,0,0.1
Holešov,0,0,0,0,0,0,0,0,0,0,0,0,0,0,0,0,0,0,0,0,0,0,0,0
Staré Město,0,0,0,0,0,0,0,0,0,0,0,0,0,0,0,0,0,0,0,0,0,0,0,0
Kralupy nad Vltavou,0,0,0,0,0,0,0,0,0,0,0,0,0,0,0,0,0,0,0,0,0,0,0,0.2
Prostějov,0,0,0,0,0,0,0,0,0,0,0,0,0,0,0,0,0,0,0,0,0,0,0,0
Straškov-Vodochody,0.1,0,0,0,0,0,0,0,0,0,0,0,0,0,0,0,0,0,0,0,0,0,0,0
"Praha, Komořany",0,0,0,0,0,0,0,0,0,0,0,0,0,0,0,0,0,0,0,0,0,0,0,1.5
"Olomouc, Holice",0.2,0,0,0,0,0,0,0,0,0,0,0,0,0,0,0,0,0,0,0,0,0,0,0
Přerov,0.1,0,0,0,0,0,0,0,0,0,0,0,0,0,0,0,0,0,0,0,0,0,0,0
Žatec,0,0,0,0,0,0,0,0,0,0,0,0,0,0,0,0,0,0,0,0,0,0,0,0
Konárovice,0,0,0,0,0,0,0,0,0,0,0,0,0,0,0,0,0,0,0,0,0,0,0,0
Dymokury,0,0,0,0,0,0,0,0,0,0,0,0,0,0,0,0,0,0,0,0,0,0,0,0
Dobřichovice,0,0,0,0,0,0,0,0,0,0,0,0,0,0,0,0,0,0,0,0,0,0,0,0.9
Kojetín,0,0,0,0,0,0,0,0,0,0.1,0,0,0,0,0,0,0,0,0,0,0,0,0,0
"Praha, Klementinum",0,0,0,0,0,0,0,0,0,0,0,0,0,0,0,0,0,0,0,0,0,0,0,0.4
Cerhenice (VUZ),0,0,0,0,0,0,0,0,0,0,0,0,0,0,0,0,0,0,0,0,0,0,0,0
Poděbrady,0,0,0,0,0,0,0,0,0,0,0,0,0,0,0,0,0,0,0,0,0,0,0,0
Dyjákovice,0,0,0,0,0,0,0,0,0,0,0,0,0,0,0,0,0,0,0,0,0,0,0,0
Kostomlaty nad Labem,0,0,0,0,0,0,0,0,0,0,0,0,0,0,0,0,0,0,0,0,0,0,0,0
"Praha, Bubeneč (F0 ÚČOV, PVS)",0,0,0,0,0,0,0,0,0,0,0,0,0,0,0,0,0,0,0,0,0,0,0,0.5
Pohořelice,0,0,0,0,0,0,0,0,0,0,0,0,0,0,0,0,0,0,0,0,0,0,0,0
Brandýs nad Labem-St.B,0,0,0,0,0,0,0,0,0,0,0,0,0,0,0,0,0,0,0,0,0,0,0,0.2
Brod nad Dyjí,0,0,0,0,0,0,0,0,0,0,0,0,0,0,0,0,0,0,0,0,0,0,0,0
Lednice,0,0,0,0,0,0,0,0,0,0,0,0,0,0,0,0,0,0,0,0,0,0,0,0
Strážnice,0,0,0,0,0,0,0,0,0,0,0,0,0,0,0,0,0,0,0,0,0,0,0,0
Kobylí,0,0,0,0,0,0,0,0,0,0,0,0,0,0,0,0,0,0,0,0,0,0,0,0
Káraný,0,0,0,0,0,0,0,0,0,0,0,0,0,0,0,0,0,0,0,0,0,0,0,0.1
"Libochovice, Poplze",0,0,0,0,0,0,0,0,0,0,0,0,0,0,0,0,0,0,0,0,0,0,0,0
Děčín,0,0,0,0,0,0,0,0,0,0,0,0,0,0,0,0,0,0,0,0,0,0,0,0
Tuhaň,0,0,0,0,0,0,0,0,0,0,0,0,0,0,0,0,0,0,0,0,0,0,0,0.2
Doksany,0,0,0,0,0,0,0,0,0,0,0,0,0,0,0,0,0,0,0,0,0,0,0,0.1
"Děčín, Těchlovice",0,0,0,0,0,0,0,0,0,0,0,0,0,0,0,0,0,0,0.1,0,0,0,0,0
"Ústí nad Labem, Vaňov",0,0,0,0,0,0,0,0,0,0,0,0,0,0,0,0,0,0,0,0,0,0,0,0
